119_1.jpg,1
119_2.jpg,1
119_3.jpg,1
119_4.jpg,1
119_5.jpg,1
119_6.jpg,1
119_7.jpg,1
119_8.jpg,1
119_9.jpg,1
66_1.jpg,2
66_2.jpg,2
66_3.jpg,2
66_4.jpg,2
66_5.jpg,2
66_6.jpg,2
66_7.jpg,2
66_8.jpg,2
66_9.jpg,2
201_1.jpg,3
201_2.jpg,3
201_3.jpg,3
201_4.jpg,3
201_5.jpg,3
201_6.jpg,3
201_7.jpg,3
201_8.jpg,3
201_9.jpg,3
82_1.jpg,4
82_2.jpg,4
82_3.jpg,4
82_4.jpg,4
82_5.jpg,4
82_6.jpg,4
82_7.jpg,4
82_8.jpg,4
82_9.jpg,4
355_1.jpg,5
355_2.jpg,5
355_3.jpg,5
355_4.jpg,5
355_5.jpg,5
355_6.jpg,5
355_7.jpg,5
355_8.jpg,5
355_9.jpg,5
288_1.jpg,6
288_2.jpg,6
288_3.jpg,6
288_4.jpg,6
288_5.jpg,6
288_6.jpg,6
288_7.jpg,6
288_8.jpg,6
288_9.jpg,6
160_1.jpg,7
160_2.jpg,7
160_3.jpg,7
160_4.jpg,7
160_5.jpg,7
160_6.jpg,7
160_7.jpg,7
160_8.jpg,7
160_9.jpg,7
427_1.jpg,8
427_2.jpg,8
427_3.jpg,8
427_4.jpg,8
427_5.jpg,8
427_6.jpg,8
427_7.jpg,8
427_8.jpg,8
427_9.jpg,8
465_1.jpg,9
465_2.jpg,9
465_3.jpg,9
465_4.jpg,9
465_5.jpg,9
465_6.jpg,9
465_7.jpg,9
465_8.jpg,9
465_9.jpg,9
336_1.jpg,10
336_2.jpg,10
336_3.jpg,10
336_4.jpg,10
336_5.jpg,10
336_6.jpg,10
336_7.jpg,10
336_8.jpg,10
336_9.jpg,10
181_1.jpg,11
181_2.jpg,11
181_3.jpg,11
181_4.jpg,11
181_5.jpg,11
181_6.jpg,11
181_7.jpg,11
181_8.jpg,11
181_9.jpg,11
140_1.jpg,12
140_2.jpg,12
140_3.jpg,12
140_4.jpg,12
140_5.jpg,12
140_6.jpg,12
140_7.jpg,12
140_8.jpg,12
140_9.jpg,12
162_1.jpg,13
162_2.jpg,13
162_3.jpg,13
162_4.jpg,13
162_5.jpg,13
162_6.jpg,13
162_7.jpg,13
162_8.jpg,13
162_9.jpg,13
98_1.jpg,14
98_2.jpg,14
98_3.jpg,14
98_4.jpg,14
98_5.jpg,14
98_6.jpg,14
98_7.jpg,14
98_8.jpg,14
98_9.jpg,14
31_1.jpg,15
31_2.jpg,15
31_3.jpg,15
31_4.jpg,15
31_5.jpg,15
31_6.jpg,15
31_7.jpg,15
31_8.jpg,15
31_9.jpg,15
379_1.jpg,16
379_2.jpg,16
379_3.jpg,16
379_4.jpg,16
379_5.jpg,16
379_6.jpg,16
379_7.jpg,16
379_8.jpg,16
379_9.jpg,16
368_1.jpg,17
368_2.jpg,17
368_3.jpg,17
368_4.jpg,17
368_5.jpg,17
368_6.jpg,17
368_7.jpg,17
368_8.jpg,17
368_9.jpg,17
306_1.jpg,18
306_2.jpg,18
306_3.jpg,18
306_4.jpg,18
306_5.jpg,18
306_6.jpg,18
306_7.jpg,18
306_8.jpg,18
306_9.jpg,18
55_1.jpg,19
55_2.jpg,19
55_3.jpg,19
55_4.jpg,19
55_5.jpg,19
55_6.jpg,19
55_7.jpg,19
55_8.jpg,19
55_9.jpg,19
303_1.jpg,20
303_2.jpg,20
303_3.jpg,20
303_4.jpg,20
303_5.jpg,20
303_6.jpg,20
303_7.jpg,20
303_8.jpg,20
303_9.jpg,20
273_1.jpg,21
273_2.jpg,21
273_3.jpg,21
273_4.jpg,21
273_5.jpg,21
273_6.jpg,21
273_7.jpg,21
273_8.jpg,21
273_9.jpg,21
43_1.jpg,22
43_2.jpg,22
43_3.jpg,22
43_4.jpg,22
43_5.jpg,22
43_6.jpg,22
43_7.jpg,22
43_8.jpg,22
43_9.jpg,22
393_1.jpg,23
393_2.jpg,23
393_3.jpg,23
393_4.jpg,23
393_5.jpg,23
393_6.jpg,23
393_7.jpg,23
393_8.jpg,23
393_9.jpg,23
196_1.jpg,24
196_2.jpg,24
196_3.jpg,24
196_4.jpg,24
196_5.jpg,24
196_6.jpg,24
196_7.jpg,24
196_8.jpg,24
196_9.jpg,24
302_1.jpg,25
302_2.jpg,25
302_3.jpg,25
302_4.jpg,25
302_5.jpg,25
302_6.jpg,25
302_7.jpg,25
302_8.jpg,25
302_9.jpg,25
460_1.jpg,26
460_2.jpg,26
460_3.jpg,26
460_4.jpg,26
460_5.jpg,26
460_6.jpg,26
460_7.jpg,26
460_8.jpg,26
460_9.jpg,26
120_1.jpg,27
120_2.jpg,27
120_3.jpg,27
120_4.jpg,27
120_5.jpg,27
120_6.jpg,27
120_7.jpg,27
120_8.jpg,27
120_9.jpg,27
451_1.jpg,28
451_2.jpg,28
451_3.jpg,28
451_4.jpg,28
451_5.jpg,28
451_6.jpg,28
451_7.jpg,28
451_8.jpg,28
451_9.jpg,28
358_1.jpg,29
358_2.jpg,29
358_3.jpg,29
358_4.jpg,29
358_5.jpg,29
358_6.jpg,29
358_7.jpg,29
358_8.jpg,29
358_9.jpg,29
301_1.jpg,30
301_2.jpg,30
301_3.jpg,30
301_4.jpg,30
301_5.jpg,30
301_6.jpg,30
301_7.jpg,30
301_8.jpg,30
301_9.jpg,30
464_1.jpg,31
464_2.jpg,31
464_3.jpg,31
464_4.jpg,31
464_5.jpg,31
464_6.jpg,31
464_7.jpg,31
464_8.jpg,31
464_9.jpg,31
276_1.jpg,32
276_2.jpg,32
276_3.jpg,32
276_4.jpg,32
276_5.jpg,32
276_6.jpg,32
276_7.jpg,32
276_8.jpg,32
276_9.jpg,32
257_1.jpg,33
257_2.jpg,33
257_3.jpg,33
257_4.jpg,33
257_5.jpg,33
257_6.jpg,33
257_7.jpg,33
257_8.jpg,33
257_9.jpg,33
391_1.jpg,34
391_2.jpg,34
391_3.jpg,34
391_4.jpg,34
391_5.jpg,34
391_6.jpg,34
391_7.jpg,34
391_8.jpg,34
391_9.jpg,34
390_1.jpg,35
390_2.jpg,35
390_3.jpg,35
390_4.jpg,35
390_5.jpg,35
390_6.jpg,35
390_7.jpg,35
390_8.jpg,35
390_9.jpg,35
321_1.jpg,36
321_2.jpg,36
321_3.jpg,36
321_4.jpg,36
321_5.jpg,36
321_6.jpg,36
321_7.jpg,36
321_8.jpg,36
321_9.jpg,36
52_1.jpg,37
52_2.jpg,37
52_3.jpg,37
52_4.jpg,37
52_5.jpg,37
52_6.jpg,37
52_7.jpg,37
52_8.jpg,37
52_9.jpg,37
455_1.jpg,38
455_2.jpg,38
455_3.jpg,38
455_4.jpg,38
455_5.jpg,38
455_6.jpg,38
455_7.jpg,38
455_8.jpg,38
455_9.jpg,38
324_1.jpg,39
324_2.jpg,39
324_3.jpg,39
324_4.jpg,39
324_5.jpg,39
324_6.jpg,39
324_7.jpg,39
324_8.jpg,39
324_9.jpg,39
214_1.jpg,40
214_2.jpg,40
214_3.jpg,40
214_4.jpg,40
214_5.jpg,40
214_6.jpg,40
214_7.jpg,40
214_8.jpg,40
214_9.jpg,40
208_1.jpg,41
208_2.jpg,41
208_3.jpg,41
208_4.jpg,41
208_5.jpg,41
208_6.jpg,41
208_7.jpg,41
208_8.jpg,41
208_9.jpg,41
158_1.jpg,42
158_2.jpg,42
158_3.jpg,42
158_4.jpg,42
158_5.jpg,42
158_6.jpg,42
158_7.jpg,42
158_8.jpg,42
158_9.jpg,42
367_1.jpg,43
367_2.jpg,43
367_3.jpg,43
367_4.jpg,43
367_5.jpg,43
367_6.jpg,43
367_7.jpg,43
367_8.jpg,43
367_9.jpg,43
14_1.jpg,44
14_2.jpg,44
14_3.jpg,44
14_4.jpg,44
14_5.jpg,44
14_6.jpg,44
14_7.jpg,44
14_8.jpg,44
14_9.jpg,44
54_1.jpg,45
54_2.jpg,45
54_3.jpg,45
54_4.jpg,45
54_5.jpg,45
54_6.jpg,45
54_7.jpg,45
54_8.jpg,45
54_9.jpg,45
23_1.jpg,46
23_2.jpg,46
23_3.jpg,46
23_4.jpg,46
23_5.jpg,46
23_6.jpg,46
23_7.jpg,46
23_8.jpg,46
23_9.jpg,46
185_1.jpg,47
185_2.jpg,47
185_3.jpg,47
185_4.jpg,47
185_5.jpg,47
185_6.jpg,47
185_7.jpg,47
185_8.jpg,47
185_9.jpg,47
176_1.jpg,48
176_2.jpg,48
176_3.jpg,48
176_4.jpg,48
176_5.jpg,48
176_6.jpg,48
176_7.jpg,48
176_8.jpg,48
176_9.jpg,48
270_1.jpg,49
270_2.jpg,49
270_3.jpg,49
270_4.jpg,49
270_5.jpg,49
270_6.jpg,49
270_7.jpg,49
270_8.jpg,49
270_9.jpg,49
47_1.jpg,50
47_2.jpg,50
47_3.jpg,50
47_4.jpg,50
47_5.jpg,50
47_6.jpg,50
47_7.jpg,50
47_8.jpg,50
47_9.jpg,50
468_1.jpg,51
468_2.jpg,51
468_3.jpg,51
468_4.jpg,51
468_5.jpg,51
468_6.jpg,51
468_7.jpg,51
468_8.jpg,51
468_9.jpg,51
69_1.jpg,52
69_2.jpg,52
69_3.jpg,52
69_4.jpg,52
69_5.jpg,52
69_6.jpg,52
69_7.jpg,52
69_8.jpg,52
69_9.jpg,52
163_1.jpg,53
163_2.jpg,53
163_3.jpg,53
163_4.jpg,53
163_5.jpg,53
163_6.jpg,53
163_7.jpg,53
163_8.jpg,53
163_9.jpg,53
282_1.jpg,54
282_2.jpg,54
282_3.jpg,54
282_4.jpg,54
282_5.jpg,54
282_6.jpg,54
282_7.jpg,54
282_8.jpg,54
282_9.jpg,54
380_1.jpg,55
380_2.jpg,55
380_3.jpg,55
380_4.jpg,55
380_5.jpg,55
380_6.jpg,55
380_7.jpg,55
380_8.jpg,55
380_9.jpg,55
164_1.jpg,56
164_2.jpg,56
164_3.jpg,56
164_4.jpg,56
164_5.jpg,56
164_6.jpg,56
164_7.jpg,56
164_8.jpg,56
164_9.jpg,56
294_1.jpg,57
294_2.jpg,57
294_3.jpg,57
294_4.jpg,57
294_5.jpg,57
294_6.jpg,57
294_7.jpg,57
294_8.jpg,57
294_9.jpg,57
131_1.jpg,58
131_2.jpg,58
131_3.jpg,58
131_4.jpg,58
131_5.jpg,58
131_6.jpg,58
131_7.jpg,58
131_8.jpg,58
131_9.jpg,58
151_1.jpg,59
151_2.jpg,59
151_3.jpg,59
151_4.jpg,59
151_5.jpg,59
151_6.jpg,59
151_7.jpg,59
151_8.jpg,59
151_9.jpg,59
488_1.jpg,60
488_2.jpg,60
488_3.jpg,60
488_4.jpg,60
488_5.jpg,60
488_6.jpg,60
488_7.jpg,60
488_8.jpg,60
488_9.jpg,60
106_1.jpg,61
106_2.jpg,61
106_3.jpg,61
106_4.jpg,61
106_5.jpg,61
106_6.jpg,61
106_7.jpg,61
106_8.jpg,61
106_9.jpg,61
268_1.jpg,62
268_2.jpg,62
268_3.jpg,62
268_4.jpg,62
268_5.jpg,62
268_6.jpg,62
268_7.jpg,62
268_8.jpg,62
268_9.jpg,62
371_1.jpg,63
371_2.jpg,63
371_3.jpg,63
371_4.jpg,63
371_5.jpg,63
371_6.jpg,63
371_7.jpg,63
371_8.jpg,63
371_9.jpg,63
262_1.jpg,64
262_2.jpg,64
262_3.jpg,64
262_4.jpg,64
262_5.jpg,64
262_6.jpg,64
262_7.jpg,64
262_8.jpg,64
262_9.jpg,64
217_1.jpg,65
217_2.jpg,65
217_3.jpg,65
217_4.jpg,65
217_5.jpg,65
217_6.jpg,65
217_7.jpg,65
217_8.jpg,65
217_9.jpg,65
417_1.jpg,66
417_2.jpg,66
417_3.jpg,66
417_4.jpg,66
417_5.jpg,66
417_6.jpg,66
417_7.jpg,66
417_8.jpg,66
417_9.jpg,66
471_1.jpg,67
471_2.jpg,67
471_3.jpg,67
471_4.jpg,67
471_5.jpg,67
471_6.jpg,67
471_7.jpg,67
471_8.jpg,67
471_9.jpg,67
186_1.jpg,68
186_2.jpg,68
186_3.jpg,68
186_4.jpg,68
186_5.jpg,68
186_6.jpg,68
186_7.jpg,68
186_8.jpg,68
186_9.jpg,68
283_1.jpg,69
283_2.jpg,69
283_3.jpg,69
283_4.jpg,69
283_5.jpg,69
283_6.jpg,69
283_7.jpg,69
283_8.jpg,69
283_9.jpg,69
340_1.jpg,70
340_2.jpg,70
340_3.jpg,70
340_4.jpg,70
340_5.jpg,70
340_6.jpg,70
340_7.jpg,70
340_8.jpg,70
340_9.jpg,70
405_1.jpg,71
405_2.jpg,71
405_3.jpg,71
405_4.jpg,71
405_5.jpg,71
405_6.jpg,71
405_7.jpg,71
405_8.jpg,71
405_9.jpg,71
394_1.jpg,72
394_2.jpg,72
394_3.jpg,72
394_4.jpg,72
394_5.jpg,72
394_6.jpg,72
394_7.jpg,72
394_8.jpg,72
394_9.jpg,72
102_1.jpg,73
102_2.jpg,73
102_3.jpg,73
102_4.jpg,73
102_5.jpg,73
102_6.jpg,73
102_7.jpg,73
102_8.jpg,73
102_9.jpg,73
456_1.jpg,74
456_2.jpg,74
456_3.jpg,74
456_4.jpg,74
456_5.jpg,74
456_6.jpg,74
456_7.jpg,74
456_8.jpg,74
456_9.jpg,74
9_1.jpg,75
9_2.jpg,75
9_3.jpg,75
9_4.jpg,75
9_5.jpg,75
9_6.jpg,75
9_7.jpg,75
9_8.jpg,75
9_9.jpg,75
4_1.jpg,76
4_2.jpg,76
4_3.jpg,76
4_4.jpg,76
4_5.jpg,76
4_6.jpg,76
4_7.jpg,76
4_8.jpg,76
4_9.jpg,76
419_1.jpg,77
419_2.jpg,77
419_3.jpg,77
419_4.jpg,77
419_5.jpg,77
419_6.jpg,77
419_7.jpg,77
419_8.jpg,77
419_9.jpg,77
363_1.jpg,78
363_2.jpg,78
363_3.jpg,78
363_4.jpg,78
363_5.jpg,78
363_6.jpg,78
363_7.jpg,78
363_8.jpg,78
363_9.jpg,78
365_1.jpg,79
365_2.jpg,79
365_3.jpg,79
365_4.jpg,79
365_5.jpg,79
365_6.jpg,79
365_7.jpg,79
365_8.jpg,79
365_9.jpg,79
272_1.jpg,80
272_2.jpg,80
272_3.jpg,80
272_4.jpg,80
272_5.jpg,80
272_6.jpg,80
272_7.jpg,80
272_8.jpg,80
272_9.jpg,80
433_1.jpg,81
433_2.jpg,81
433_3.jpg,81
433_4.jpg,81
433_5.jpg,81
433_6.jpg,81
433_7.jpg,81
433_8.jpg,81
433_9.jpg,81
189_1.jpg,82
189_2.jpg,82
189_3.jpg,82
189_4.jpg,82
189_5.jpg,82
189_6.jpg,82
189_7.jpg,82
189_8.jpg,82
189_9.jpg,82
403_1.jpg,83
403_2.jpg,83
403_3.jpg,83
403_4.jpg,83
403_5.jpg,83
403_6.jpg,83
403_7.jpg,83
403_8.jpg,83
403_9.jpg,83
429_1.jpg,84
429_2.jpg,84
429_3.jpg,84
429_4.jpg,84
429_5.jpg,84
429_6.jpg,84
429_7.jpg,84
429_8.jpg,84
429_9.jpg,84
85_1.jpg,85
85_2.jpg,85
85_3.jpg,85
85_4.jpg,85
85_5.jpg,85
85_6.jpg,85
85_7.jpg,85
85_8.jpg,85
85_9.jpg,85
357_1.jpg,86
357_2.jpg,86
357_3.jpg,86
357_4.jpg,86
357_5.jpg,86
357_6.jpg,86
357_7.jpg,86
357_8.jpg,86
357_9.jpg,86
401_1.jpg,87
401_2.jpg,87
401_3.jpg,87
401_4.jpg,87
401_5.jpg,87
401_6.jpg,87
401_7.jpg,87
401_8.jpg,87
401_9.jpg,87
315_1.jpg,88
315_2.jpg,88
315_3.jpg,88
315_4.jpg,88
315_5.jpg,88
315_6.jpg,88
315_7.jpg,88
315_8.jpg,88
315_9.jpg,88
25_1.jpg,89
25_2.jpg,89
25_3.jpg,89
25_4.jpg,89
25_5.jpg,89
25_6.jpg,89
25_7.jpg,89
25_8.jpg,89
25_9.jpg,89
320_1.jpg,90
320_2.jpg,90
320_3.jpg,90
320_4.jpg,90
320_5.jpg,90
320_6.jpg,90
320_7.jpg,90
320_8.jpg,90
320_9.jpg,90
473_1.jpg,91
473_2.jpg,91
473_3.jpg,91
473_4.jpg,91
473_5.jpg,91
473_6.jpg,91
473_7.jpg,91
473_8.jpg,91
473_9.jpg,91
17_1.jpg,92
17_2.jpg,92
17_3.jpg,92
17_4.jpg,92
17_5.jpg,92
17_6.jpg,92
17_7.jpg,92
17_8.jpg,92
17_9.jpg,92
334_1.jpg,93
334_2.jpg,93
334_3.jpg,93
334_4.jpg,93
334_5.jpg,93
334_6.jpg,93
334_7.jpg,93
334_8.jpg,93
334_9.jpg,93
408_1.jpg,94
408_2.jpg,94
408_3.jpg,94
408_4.jpg,94
408_5.jpg,94
408_6.jpg,94
408_7.jpg,94
408_8.jpg,94
408_9.jpg,94
138_1.jpg,95
138_2.jpg,95
138_3.jpg,95
138_4.jpg,95
138_5.jpg,95
138_6.jpg,95
138_7.jpg,95
138_8.jpg,95
138_9.jpg,95
228_1.jpg,96
228_2.jpg,96
228_3.jpg,96
228_4.jpg,96
228_5.jpg,96
228_6.jpg,96
228_7.jpg,96
228_8.jpg,96
228_9.jpg,96
377_1.jpg,97
377_2.jpg,97
377_3.jpg,97
377_4.jpg,97
377_5.jpg,97
377_6.jpg,97
377_7.jpg,97
377_8.jpg,97
377_9.jpg,97
337_1.jpg,98
337_2.jpg,98
337_3.jpg,98
337_4.jpg,98
337_5.jpg,98
337_6.jpg,98
337_7.jpg,98
337_8.jpg,98
337_9.jpg,98
489_1.jpg,99
489_2.jpg,99
489_3.jpg,99
489_4.jpg,99
489_5.jpg,99
489_6.jpg,99
489_7.jpg,99
489_8.jpg,99
489_9.jpg,99
130_1.jpg,100
130_2.jpg,100
130_3.jpg,100
130_4.jpg,100
130_5.jpg,100
130_6.jpg,100
130_7.jpg,100
130_8.jpg,100
130_9.jpg,100
73_1.jpg,101
73_2.jpg,101
73_3.jpg,101
73_4.jpg,101
73_5.jpg,101
73_6.jpg,101
73_7.jpg,101
73_8.jpg,101
73_9.jpg,101
218_1.jpg,102
218_2.jpg,102
218_3.jpg,102
218_4.jpg,102
218_5.jpg,102
218_6.jpg,102
218_7.jpg,102
218_8.jpg,102
218_9.jpg,102
45_1.jpg,103
45_2.jpg,103
45_3.jpg,103
45_4.jpg,103
45_5.jpg,103
45_6.jpg,103
45_7.jpg,103
45_8.jpg,103
45_9.jpg,103
310_1.jpg,104
310_2.jpg,104
310_3.jpg,104
310_4.jpg,104
310_5.jpg,104
310_6.jpg,104
310_7.jpg,104
310_8.jpg,104
310_9.jpg,104
326_1.jpg,105
326_2.jpg,105
326_3.jpg,105
326_4.jpg,105
326_5.jpg,105
326_6.jpg,105
326_7.jpg,105
326_8.jpg,105
326_9.jpg,105
392_1.jpg,106
392_2.jpg,106
392_3.jpg,106
392_4.jpg,106
392_5.jpg,106
392_6.jpg,106
392_7.jpg,106
392_8.jpg,106
392_9.jpg,106
389_1.jpg,107
389_2.jpg,107
389_3.jpg,107
389_4.jpg,107
389_5.jpg,107
389_6.jpg,107
389_7.jpg,107
389_8.jpg,107
389_9.jpg,107
453_1.jpg,108
453_2.jpg,108
453_3.jpg,108
453_4.jpg,108
453_5.jpg,108
453_6.jpg,108
453_7.jpg,108
453_8.jpg,108
453_9.jpg,108
13_1.jpg,109
13_2.jpg,109
13_3.jpg,109
13_4.jpg,109
13_5.jpg,109
13_6.jpg,109
13_7.jpg,109
13_8.jpg,109
13_9.jpg,109
327_1.jpg,110
327_2.jpg,110
327_3.jpg,110
327_4.jpg,110
327_5.jpg,110
327_6.jpg,110
327_7.jpg,110
327_8.jpg,110
327_9.jpg,110
500_1.jpg,111
500_2.jpg,111
500_3.jpg,111
500_4.jpg,111
500_5.jpg,111
500_6.jpg,111
500_7.jpg,111
500_8.jpg,111
500_9.jpg,111
6_1.jpg,112
6_2.jpg,112
6_3.jpg,112
6_4.jpg,112
6_5.jpg,112
6_6.jpg,112
6_7.jpg,112
6_8.jpg,112
6_9.jpg,112
330_1.jpg,113
330_2.jpg,113
330_3.jpg,113
330_4.jpg,113
330_5.jpg,113
330_6.jpg,113
330_7.jpg,113
330_8.jpg,113
330_9.jpg,113
26_1.jpg,114
26_2.jpg,114
26_3.jpg,114
26_4.jpg,114
26_5.jpg,114
26_6.jpg,114
26_7.jpg,114
26_8.jpg,114
26_9.jpg,114
150_1.jpg,115
150_2.jpg,115
150_3.jpg,115
150_4.jpg,115
150_5.jpg,115
150_6.jpg,115
150_7.jpg,115
150_8.jpg,115
150_9.jpg,115
440_1.jpg,116
440_2.jpg,116
440_3.jpg,116
440_4.jpg,116
440_5.jpg,116
440_6.jpg,116
440_7.jpg,116
440_8.jpg,116
440_9.jpg,116
203_1.jpg,117
203_2.jpg,117
203_3.jpg,117
203_4.jpg,117
203_5.jpg,117
203_6.jpg,117
203_7.jpg,117
203_8.jpg,117
203_9.jpg,117
316_1.jpg,118
316_2.jpg,118
316_3.jpg,118
316_4.jpg,118
316_5.jpg,118
316_6.jpg,118
316_7.jpg,118
316_8.jpg,118
316_9.jpg,118
104_1.jpg,119
104_2.jpg,119
104_3.jpg,119
104_4.jpg,119
104_5.jpg,119
104_6.jpg,119
104_7.jpg,119
104_8.jpg,119
104_9.jpg,119
376_1.jpg,120
376_2.jpg,120
376_3.jpg,120
376_4.jpg,120
376_5.jpg,120
376_6.jpg,120
376_7.jpg,120
376_8.jpg,120
376_9.jpg,120
77_1.jpg,121
77_2.jpg,121
77_3.jpg,121
77_4.jpg,121
77_5.jpg,121
77_6.jpg,121
77_7.jpg,121
77_8.jpg,121
77_9.jpg,121
194_1.jpg,122
194_2.jpg,122
194_3.jpg,122
194_4.jpg,122
194_5.jpg,122
194_6.jpg,122
194_7.jpg,122
194_8.jpg,122
194_9.jpg,122
260_1.jpg,123
260_2.jpg,123
260_3.jpg,123
260_4.jpg,123
260_5.jpg,123
260_6.jpg,123
260_7.jpg,123
260_8.jpg,123
260_9.jpg,123
144_1.jpg,124
144_2.jpg,124
144_3.jpg,124
144_4.jpg,124
144_5.jpg,124
144_6.jpg,124
144_7.jpg,124
144_8.jpg,124
144_9.jpg,124
491_1.jpg,125
491_2.jpg,125
491_3.jpg,125
491_4.jpg,125
491_5.jpg,125
491_6.jpg,125
491_7.jpg,125
491_8.jpg,125
491_9.jpg,125
435_1.jpg,126
435_2.jpg,126
435_3.jpg,126
435_4.jpg,126
435_5.jpg,126
435_6.jpg,126
435_7.jpg,126
435_8.jpg,126
435_9.jpg,126
1_1.jpg,127
1_2.jpg,127
1_3.jpg,127
1_4.jpg,127
1_5.jpg,127
1_6.jpg,127
1_7.jpg,127
1_8.jpg,127
1_9.jpg,127
445_1.jpg,128
445_2.jpg,128
445_3.jpg,128
445_4.jpg,128
445_5.jpg,128
445_6.jpg,128
445_7.jpg,128
445_8.jpg,128
445_9.jpg,128
3_1.jpg,129
3_2.jpg,129
3_3.jpg,129
3_4.jpg,129
3_5.jpg,129
3_6.jpg,129
3_7.jpg,129
3_8.jpg,129
3_9.jpg,129
123_1.jpg,130
123_2.jpg,130
123_3.jpg,130
123_4.jpg,130
123_5.jpg,130
123_6.jpg,130
123_7.jpg,130
123_8.jpg,130
123_9.jpg,130
90_1.jpg,131
90_2.jpg,131
90_3.jpg,131
90_4.jpg,131
90_5.jpg,131
90_6.jpg,131
90_7.jpg,131
90_8.jpg,131
90_9.jpg,131
116_1.jpg,132
116_2.jpg,132
116_3.jpg,132
116_4.jpg,132
116_5.jpg,132
116_6.jpg,132
116_7.jpg,132
116_8.jpg,132
116_9.jpg,132
94_1.jpg,133
94_2.jpg,133
94_3.jpg,133
94_4.jpg,133
94_5.jpg,133
94_6.jpg,133
94_7.jpg,133
94_8.jpg,133
94_9.jpg,133
36_1.jpg,134
36_2.jpg,134
36_3.jpg,134
36_4.jpg,134
36_5.jpg,134
36_6.jpg,134
36_7.jpg,134
36_8.jpg,134
36_9.jpg,134
112_1.jpg,135
112_2.jpg,135
112_3.jpg,135
112_4.jpg,135
112_5.jpg,135
112_6.jpg,135
112_7.jpg,135
112_8.jpg,135
112_9.jpg,135
33_1.jpg,136
33_2.jpg,136
33_3.jpg,136
33_4.jpg,136
33_5.jpg,136
33_6.jpg,136
33_7.jpg,136
33_8.jpg,136
33_9.jpg,136
235_1.jpg,137
235_2.jpg,137
235_3.jpg,137
235_4.jpg,137
235_5.jpg,137
235_6.jpg,137
235_7.jpg,137
235_8.jpg,137
235_9.jpg,137
64_1.jpg,138
64_2.jpg,138
64_3.jpg,138
64_4.jpg,138
64_5.jpg,138
64_6.jpg,138
64_7.jpg,138
64_8.jpg,138
64_9.jpg,138
344_1.jpg,139
344_2.jpg,139
344_3.jpg,139
344_4.jpg,139
344_5.jpg,139
344_6.jpg,139
344_7.jpg,139
344_8.jpg,139
344_9.jpg,139
244_1.jpg,140
244_2.jpg,140
244_3.jpg,140
244_4.jpg,140
244_5.jpg,140
244_6.jpg,140
244_7.jpg,140
244_8.jpg,140
244_9.jpg,140
51_1.jpg,141
51_2.jpg,141
51_3.jpg,141
51_4.jpg,141
51_5.jpg,141
51_6.jpg,141
51_7.jpg,141
51_8.jpg,141
51_9.jpg,141
129_1.jpg,142
129_2.jpg,142
129_3.jpg,142
129_4.jpg,142
129_5.jpg,142
129_6.jpg,142
129_7.jpg,142
129_8.jpg,142
129_9.jpg,142
300_1.jpg,143
300_2.jpg,143
300_3.jpg,143
300_4.jpg,143
300_5.jpg,143
300_6.jpg,143
300_7.jpg,143
300_8.jpg,143
300_9.jpg,143
84_1.jpg,144
84_2.jpg,144
84_3.jpg,144
84_4.jpg,144
84_5.jpg,144
84_6.jpg,144
84_7.jpg,144
84_8.jpg,144
84_9.jpg,144
469_1.jpg,145
469_2.jpg,145
469_3.jpg,145
469_4.jpg,145
469_5.jpg,145
469_6.jpg,145
469_7.jpg,145
469_8.jpg,145
469_9.jpg,145
223_1.jpg,146
223_2.jpg,146
223_3.jpg,146
223_4.jpg,146
223_5.jpg,146
223_6.jpg,146
223_7.jpg,146
223_8.jpg,146
223_9.jpg,146
76_1.jpg,147
76_2.jpg,147
76_3.jpg,147
76_4.jpg,147
76_5.jpg,147
76_6.jpg,147
76_7.jpg,147
76_8.jpg,147
76_9.jpg,147
249_1.jpg,148
249_2.jpg,148
249_3.jpg,148
249_4.jpg,148
249_5.jpg,148
249_6.jpg,148
249_7.jpg,148
249_8.jpg,148
249_9.jpg,148
60_1.jpg,149
60_2.jpg,149
60_3.jpg,149
60_4.jpg,149
60_5.jpg,149
60_6.jpg,149
60_7.jpg,149
60_8.jpg,149
60_9.jpg,149
307_1.jpg,150
307_2.jpg,150
307_3.jpg,150
307_4.jpg,150
307_5.jpg,150
307_6.jpg,150
307_7.jpg,150
307_8.jpg,150
307_9.jpg,150
438_1.jpg,151
438_2.jpg,151
438_3.jpg,151
438_4.jpg,151
438_5.jpg,151
438_6.jpg,151
438_7.jpg,151
438_8.jpg,151
438_9.jpg,151
211_1.jpg,152
211_2.jpg,152
211_3.jpg,152
211_4.jpg,152
211_5.jpg,152
211_6.jpg,152
211_7.jpg,152
211_8.jpg,152
211_9.jpg,152
485_1.jpg,153
485_2.jpg,153
485_3.jpg,153
485_4.jpg,153
485_5.jpg,153
485_6.jpg,153
485_7.jpg,153
485_8.jpg,153
485_9.jpg,153
68_1.jpg,154
68_2.jpg,154
68_3.jpg,154
68_4.jpg,154
68_5.jpg,154
68_6.jpg,154
68_7.jpg,154
68_8.jpg,154
68_9.jpg,154
179_1.jpg,155
179_2.jpg,155
179_3.jpg,155
179_4.jpg,155
179_5.jpg,155
179_6.jpg,155
179_7.jpg,155
179_8.jpg,155
179_9.jpg,155
204_1.jpg,156
204_2.jpg,156
204_3.jpg,156
204_4.jpg,156
204_5.jpg,156
204_6.jpg,156
204_7.jpg,156
204_8.jpg,156
204_9.jpg,156
490_1.jpg,157
490_2.jpg,157
490_3.jpg,157
490_4.jpg,157
490_5.jpg,157
490_6.jpg,157
490_7.jpg,157
490_8.jpg,157
490_9.jpg,157
275_1.jpg,158
275_2.jpg,158
275_3.jpg,158
275_4.jpg,158
275_5.jpg,158
275_6.jpg,158
275_7.jpg,158
275_8.jpg,158
275_9.jpg,158
281_1.jpg,159
281_2.jpg,159
281_3.jpg,159
281_4.jpg,159
281_5.jpg,159
281_6.jpg,159
281_7.jpg,159
281_8.jpg,159
281_9.jpg,159
426_1.jpg,160
426_2.jpg,160
426_3.jpg,160
426_4.jpg,160
426_5.jpg,160
426_6.jpg,160
426_7.jpg,160
426_8.jpg,160
426_9.jpg,160
191_1.jpg,161
191_2.jpg,161
191_3.jpg,161
191_4.jpg,161
191_5.jpg,161
191_6.jpg,161
191_7.jpg,161
191_8.jpg,161
191_9.jpg,161
155_1.jpg,162
155_2.jpg,162
155_3.jpg,162
155_4.jpg,162
155_5.jpg,162
155_6.jpg,162
155_7.jpg,162
155_8.jpg,162
155_9.jpg,162
10_1.jpg,163
10_2.jpg,163
10_3.jpg,163
10_4.jpg,163
10_5.jpg,163
10_6.jpg,163
10_7.jpg,163
10_8.jpg,163
10_9.jpg,163
459_1.jpg,164
459_2.jpg,164
459_3.jpg,164
459_4.jpg,164
459_5.jpg,164
459_6.jpg,164
459_7.jpg,164
459_8.jpg,164
459_9.jpg,164
450_1.jpg,165
450_2.jpg,165
450_3.jpg,165
450_4.jpg,165
450_5.jpg,165
450_6.jpg,165
450_7.jpg,165
450_8.jpg,165
450_9.jpg,165
461_1.jpg,166
461_2.jpg,166
461_3.jpg,166
461_4.jpg,166
461_5.jpg,166
461_6.jpg,166
461_7.jpg,166
461_8.jpg,166
461_9.jpg,166
105_1.jpg,167
105_2.jpg,167
105_3.jpg,167
105_4.jpg,167
105_5.jpg,167
105_6.jpg,167
105_7.jpg,167
105_8.jpg,167
105_9.jpg,167
462_1.jpg,168
462_2.jpg,168
462_3.jpg,168
462_4.jpg,168
462_5.jpg,168
462_6.jpg,168
462_7.jpg,168
462_8.jpg,168
462_9.jpg,168
57_1.jpg,169
57_2.jpg,169
57_3.jpg,169
57_4.jpg,169
57_5.jpg,169
57_6.jpg,169
57_7.jpg,169
57_8.jpg,169
57_9.jpg,169
95_1.jpg,170
95_2.jpg,170
95_3.jpg,170
95_4.jpg,170
95_5.jpg,170
95_6.jpg,170
95_7.jpg,170
95_8.jpg,170
95_9.jpg,170
312_1.jpg,171
312_2.jpg,171
312_3.jpg,171
312_4.jpg,171
312_5.jpg,171
312_6.jpg,171
312_7.jpg,171
312_8.jpg,171
312_9.jpg,171
332_1.jpg,172
332_2.jpg,172
332_3.jpg,172
332_4.jpg,172
332_5.jpg,172
332_6.jpg,172
332_7.jpg,172
332_8.jpg,172
332_9.jpg,172
38_1.jpg,173
38_2.jpg,173
38_3.jpg,173
38_4.jpg,173
38_5.jpg,173
38_6.jpg,173
38_7.jpg,173
38_8.jpg,173
38_9.jpg,173
153_1.jpg,174
153_2.jpg,174
153_3.jpg,174
153_4.jpg,174
153_5.jpg,174
153_6.jpg,174
153_7.jpg,174
153_8.jpg,174
153_9.jpg,174
267_1.jpg,175
267_2.jpg,175
267_3.jpg,175
267_4.jpg,175
267_5.jpg,175
267_6.jpg,175
267_7.jpg,175
267_8.jpg,175
267_9.jpg,175
278_1.jpg,176
278_2.jpg,176
278_3.jpg,176
278_4.jpg,176
278_5.jpg,176
278_6.jpg,176
278_7.jpg,176
278_8.jpg,176
278_9.jpg,176
200_1.jpg,177
200_2.jpg,177
200_3.jpg,177
200_4.jpg,177
200_5.jpg,177
200_6.jpg,177
200_7.jpg,177
200_8.jpg,177
200_9.jpg,177
374_1.jpg,178
374_2.jpg,178
374_3.jpg,178
374_4.jpg,178
374_5.jpg,178
374_6.jpg,178
374_7.jpg,178
374_8.jpg,178
374_9.jpg,178
18_1.jpg,179
18_2.jpg,179
18_3.jpg,179
18_4.jpg,179
18_5.jpg,179
18_6.jpg,179
18_7.jpg,179
18_8.jpg,179
18_9.jpg,179
173_1.jpg,180
173_2.jpg,180
173_3.jpg,180
173_4.jpg,180
173_5.jpg,180
173_6.jpg,180
173_7.jpg,180
173_8.jpg,180
173_9.jpg,180
8_1.jpg,181
8_2.jpg,181
8_3.jpg,181
8_4.jpg,181
8_5.jpg,181
8_6.jpg,181
8_7.jpg,181
8_8.jpg,181
8_9.jpg,181
373_1.jpg,182
373_2.jpg,182
373_3.jpg,182
373_4.jpg,182
373_5.jpg,182
373_6.jpg,182
373_7.jpg,182
373_8.jpg,182
373_9.jpg,182
402_1.jpg,183
402_2.jpg,183
402_3.jpg,183
402_4.jpg,183
402_5.jpg,183
402_6.jpg,183
402_7.jpg,183
402_8.jpg,183
402_9.jpg,183
343_1.jpg,184
343_2.jpg,184
343_3.jpg,184
343_4.jpg,184
343_5.jpg,184
343_6.jpg,184
343_7.jpg,184
343_8.jpg,184
343_9.jpg,184
492_1.jpg,185
492_2.jpg,185
492_3.jpg,185
492_4.jpg,185
492_5.jpg,185
492_6.jpg,185
492_7.jpg,185
492_8.jpg,185
492_9.jpg,185
61_1.jpg,186
61_2.jpg,186
61_3.jpg,186
61_4.jpg,186
61_5.jpg,186
61_6.jpg,186
61_7.jpg,186
61_8.jpg,186
61_9.jpg,186
74_1.jpg,187
74_2.jpg,187
74_3.jpg,187
74_4.jpg,187
74_5.jpg,187
74_6.jpg,187
74_7.jpg,187
74_8.jpg,187
74_9.jpg,187
149_1.jpg,188
149_2.jpg,188
149_3.jpg,188
149_4.jpg,188
149_5.jpg,188
149_6.jpg,188
149_7.jpg,188
149_8.jpg,188
149_9.jpg,188
169_1.jpg,189
169_2.jpg,189
169_3.jpg,189
169_4.jpg,189
169_5.jpg,189
169_6.jpg,189
169_7.jpg,189
169_8.jpg,189
169_9.jpg,189
165_1.jpg,190
165_2.jpg,190
165_3.jpg,190
165_4.jpg,190
165_5.jpg,190
165_6.jpg,190
165_7.jpg,190
165_8.jpg,190
165_9.jpg,190
229_1.jpg,191
229_2.jpg,191
229_3.jpg,191
229_4.jpg,191
229_5.jpg,191
229_6.jpg,191
229_7.jpg,191
229_8.jpg,191
229_9.jpg,191
41_1.jpg,192
41_2.jpg,192
41_3.jpg,192
41_4.jpg,192
41_5.jpg,192
41_6.jpg,192
41_7.jpg,192
41_8.jpg,192
41_9.jpg,192
2_1.jpg,193
2_2.jpg,193
2_3.jpg,193
2_4.jpg,193
2_5.jpg,193
2_6.jpg,193
2_7.jpg,193
2_8.jpg,193
2_9.jpg,193
195_1.jpg,194
195_2.jpg,194
195_3.jpg,194
195_4.jpg,194
195_5.jpg,194
195_6.jpg,194
195_7.jpg,194
195_8.jpg,194
195_9.jpg,194
498_1.jpg,195
498_2.jpg,195
498_3.jpg,195
498_4.jpg,195
498_5.jpg,195
498_6.jpg,195
498_7.jpg,195
498_8.jpg,195
498_9.jpg,195
87_1.jpg,196
87_2.jpg,196
87_3.jpg,196
87_4.jpg,196
87_5.jpg,196
87_6.jpg,196
87_7.jpg,196
87_8.jpg,196
87_9.jpg,196
298_1.jpg,197
298_2.jpg,197
298_3.jpg,197
298_4.jpg,197
298_5.jpg,197
298_6.jpg,197
298_7.jpg,197
298_8.jpg,197
298_9.jpg,197
285_1.jpg,198
285_2.jpg,198
285_3.jpg,198
285_4.jpg,198
285_5.jpg,198
285_6.jpg,198
285_7.jpg,198
285_8.jpg,198
285_9.jpg,198
369_1.jpg,199
369_2.jpg,199
369_3.jpg,199
369_4.jpg,199
369_5.jpg,199
369_6.jpg,199
369_7.jpg,199
369_8.jpg,199
369_9.jpg,199
7_1.jpg,200
7_2.jpg,200
7_3.jpg,200
7_4.jpg,200
7_5.jpg,200
7_6.jpg,200
7_7.jpg,200
7_8.jpg,200
7_9.jpg,200
441_1.jpg,201
441_2.jpg,201
441_3.jpg,201
441_4.jpg,201
441_5.jpg,201
441_6.jpg,201
441_7.jpg,201
441_8.jpg,201
441_9.jpg,201
243_1.jpg,202
243_2.jpg,202
243_3.jpg,202
243_4.jpg,202
243_5.jpg,202
243_6.jpg,202
243_7.jpg,202
243_8.jpg,202
243_9.jpg,202
375_1.jpg,203
375_2.jpg,203
375_3.jpg,203
375_4.jpg,203
375_5.jpg,203
375_6.jpg,203
375_7.jpg,203
375_8.jpg,203
375_9.jpg,203
385_1.jpg,204
385_2.jpg,204
385_3.jpg,204
385_4.jpg,204
385_5.jpg,204
385_6.jpg,204
385_7.jpg,204
385_8.jpg,204
385_9.jpg,204
21_1.jpg,205
21_2.jpg,205
21_3.jpg,205
21_4.jpg,205
21_5.jpg,205
21_6.jpg,205
21_7.jpg,205
21_8.jpg,205
21_9.jpg,205
256_1.jpg,206
256_2.jpg,206
256_3.jpg,206
256_4.jpg,206
256_5.jpg,206
256_6.jpg,206
256_7.jpg,206
256_8.jpg,206
256_9.jpg,206
142_1.jpg,207
142_2.jpg,207
142_3.jpg,207
142_4.jpg,207
142_5.jpg,207
142_6.jpg,207
142_7.jpg,207
142_8.jpg,207
142_9.jpg,207
313_1.jpg,208
313_2.jpg,208
313_3.jpg,208
313_4.jpg,208
313_5.jpg,208
313_6.jpg,208
313_7.jpg,208
313_8.jpg,208
313_9.jpg,208
202_1.jpg,209
202_2.jpg,209
202_3.jpg,209
202_4.jpg,209
202_5.jpg,209
202_6.jpg,209
202_7.jpg,209
202_8.jpg,209
202_9.jpg,209
96_1.jpg,210
96_2.jpg,210
96_3.jpg,210
96_4.jpg,210
96_5.jpg,210
96_6.jpg,210
96_7.jpg,210
96_8.jpg,210
96_9.jpg,210
467_1.jpg,211
467_2.jpg,211
467_3.jpg,211
467_4.jpg,211
467_5.jpg,211
467_6.jpg,211
467_7.jpg,211
467_8.jpg,211
467_9.jpg,211
280_1.jpg,212
280_2.jpg,212
280_3.jpg,212
280_4.jpg,212
280_5.jpg,212
280_6.jpg,212
280_7.jpg,212
280_8.jpg,212
280_9.jpg,212
192_1.jpg,213
192_2.jpg,213
192_3.jpg,213
192_4.jpg,213
192_5.jpg,213
192_6.jpg,213
192_7.jpg,213
192_8.jpg,213
192_9.jpg,213
79_1.jpg,214
79_2.jpg,214
79_3.jpg,214
79_4.jpg,214
79_5.jpg,214
79_6.jpg,214
79_7.jpg,214
79_8.jpg,214
79_9.jpg,214
476_1.jpg,215
476_2.jpg,215
476_3.jpg,215
476_4.jpg,215
476_5.jpg,215
476_6.jpg,215
476_7.jpg,215
476_8.jpg,215
476_9.jpg,215
247_1.jpg,216
247_2.jpg,216
247_3.jpg,216
247_4.jpg,216
247_5.jpg,216
247_6.jpg,216
247_7.jpg,216
247_8.jpg,216
247_9.jpg,216
339_1.jpg,217
339_2.jpg,217
339_3.jpg,217
339_4.jpg,217
339_5.jpg,217
339_6.jpg,217
339_7.jpg,217
339_8.jpg,217
339_9.jpg,217
30_1.jpg,218
30_2.jpg,218
30_3.jpg,218
30_4.jpg,218
30_5.jpg,218
30_6.jpg,218
30_7.jpg,218
30_8.jpg,218
30_9.jpg,218
128_1.jpg,219
128_2.jpg,219
128_3.jpg,219
128_4.jpg,219
128_5.jpg,219
128_6.jpg,219
128_7.jpg,219
128_8.jpg,219
128_9.jpg,219
287_1.jpg,220
287_2.jpg,220
287_3.jpg,220
287_4.jpg,220
287_5.jpg,220
287_6.jpg,220
287_7.jpg,220
287_8.jpg,220
287_9.jpg,220
135_1.jpg,221
135_2.jpg,221
135_3.jpg,221
135_4.jpg,221
135_5.jpg,221
135_6.jpg,221
135_7.jpg,221
135_8.jpg,221
135_9.jpg,221
398_1.jpg,222
398_2.jpg,222
398_3.jpg,222
398_4.jpg,222
398_5.jpg,222
398_6.jpg,222
398_7.jpg,222
398_8.jpg,222
398_9.jpg,222
226_1.jpg,223
226_2.jpg,223
226_3.jpg,223
226_4.jpg,223
226_5.jpg,223
226_6.jpg,223
226_7.jpg,223
226_8.jpg,223
226_9.jpg,223
139_1.jpg,224
139_2.jpg,224
139_3.jpg,224
139_4.jpg,224
139_5.jpg,224
139_6.jpg,224
139_7.jpg,224
139_8.jpg,224
139_9.jpg,224
400_1.jpg,225
400_2.jpg,225
400_3.jpg,225
400_4.jpg,225
400_5.jpg,225
400_6.jpg,225
400_7.jpg,225
400_8.jpg,225
400_9.jpg,225
416_1.jpg,226
416_2.jpg,226
416_3.jpg,226
416_4.jpg,226
416_5.jpg,226
416_6.jpg,226
416_7.jpg,226
416_8.jpg,226
416_9.jpg,226
101_1.jpg,227
101_2.jpg,227
101_3.jpg,227
101_4.jpg,227
101_5.jpg,227
101_6.jpg,227
101_7.jpg,227
101_8.jpg,227
101_9.jpg,227
409_1.jpg,228
409_2.jpg,228
409_3.jpg,228
409_4.jpg,228
409_5.jpg,228
409_6.jpg,228
409_7.jpg,228
409_8.jpg,228
409_9.jpg,228
454_1.jpg,229
454_2.jpg,229
454_3.jpg,229
454_4.jpg,229
454_5.jpg,229
454_6.jpg,229
454_7.jpg,229
454_8.jpg,229
454_9.jpg,229
88_1.jpg,230
88_2.jpg,230
88_3.jpg,230
88_4.jpg,230
88_5.jpg,230
88_6.jpg,230
88_7.jpg,230
88_8.jpg,230
88_9.jpg,230
251_1.jpg,231
251_2.jpg,231
251_3.jpg,231
251_4.jpg,231
251_5.jpg,231
251_6.jpg,231
251_7.jpg,231
251_8.jpg,231
251_9.jpg,231
314_1.jpg,232
314_2.jpg,232
314_3.jpg,232
314_4.jpg,232
314_5.jpg,232
314_6.jpg,232
314_7.jpg,232
314_8.jpg,232
314_9.jpg,232
126_1.jpg,233
126_2.jpg,233
126_3.jpg,233
126_4.jpg,233
126_5.jpg,233
126_6.jpg,233
126_7.jpg,233
126_8.jpg,233
126_9.jpg,233
56_1.jpg,234
56_2.jpg,234
56_3.jpg,234
56_4.jpg,234
56_5.jpg,234
56_6.jpg,234
56_7.jpg,234
56_8.jpg,234
56_9.jpg,234
175_1.jpg,235
175_2.jpg,235
175_3.jpg,235
175_4.jpg,235
175_5.jpg,235
175_6.jpg,235
175_7.jpg,235
175_8.jpg,235
175_9.jpg,235
134_1.jpg,236
134_2.jpg,236
134_3.jpg,236
134_4.jpg,236
134_5.jpg,236
134_6.jpg,236
134_7.jpg,236
134_8.jpg,236
134_9.jpg,236
86_1.jpg,237
86_2.jpg,237
86_3.jpg,237
86_4.jpg,237
86_5.jpg,237
86_6.jpg,237
86_7.jpg,237
86_8.jpg,237
86_9.jpg,237
12_1.jpg,238
12_2.jpg,238
12_3.jpg,238
12_4.jpg,238
12_5.jpg,238
12_6.jpg,238
12_7.jpg,238
12_8.jpg,238
12_9.jpg,238
89_1.jpg,239
89_2.jpg,239
89_3.jpg,239
89_4.jpg,239
89_5.jpg,239
89_6.jpg,239
89_7.jpg,239
89_8.jpg,239
89_9.jpg,239
292_1.jpg,240
292_2.jpg,240
292_3.jpg,240
292_4.jpg,240
292_5.jpg,240
292_6.jpg,240
292_7.jpg,240
292_8.jpg,240
292_9.jpg,240
22_1.jpg,241
22_2.jpg,241
22_3.jpg,241
22_4.jpg,241
22_5.jpg,241
22_6.jpg,241
22_7.jpg,241
22_8.jpg,241
22_9.jpg,241
148_1.jpg,242
148_2.jpg,242
148_3.jpg,242
148_4.jpg,242
148_5.jpg,242
148_6.jpg,242
148_7.jpg,242
148_8.jpg,242
148_9.jpg,242
495_1.jpg,243
495_2.jpg,243
495_3.jpg,243
495_4.jpg,243
495_5.jpg,243
495_6.jpg,243
495_7.jpg,243
495_8.jpg,243
495_9.jpg,243
335_1.jpg,244
335_2.jpg,244
335_3.jpg,244
335_4.jpg,244
335_5.jpg,244
335_6.jpg,244
335_7.jpg,244
335_8.jpg,244
335_9.jpg,244
289_1.jpg,245
289_2.jpg,245
289_3.jpg,245
289_4.jpg,245
289_5.jpg,245
289_6.jpg,245
289_7.jpg,245
289_8.jpg,245
289_9.jpg,245
152_1.jpg,246
152_2.jpg,246
152_3.jpg,246
152_4.jpg,246
152_5.jpg,246
152_6.jpg,246
152_7.jpg,246
152_8.jpg,246
152_9.jpg,246
124_1.jpg,247
124_2.jpg,247
124_3.jpg,247
124_4.jpg,247
124_5.jpg,247
124_6.jpg,247
124_7.jpg,247
124_8.jpg,247
124_9.jpg,247
141_1.jpg,248
141_2.jpg,248
141_3.jpg,248
141_4.jpg,248
141_5.jpg,248
141_6.jpg,248
141_7.jpg,248
141_8.jpg,248
141_9.jpg,248
406_1.jpg,249
406_2.jpg,249
406_3.jpg,249
406_4.jpg,249
406_5.jpg,249
406_6.jpg,249
406_7.jpg,249
406_8.jpg,249
406_9.jpg,249
436_1.jpg,250
436_2.jpg,250
436_3.jpg,250
436_4.jpg,250
436_5.jpg,250
436_6.jpg,250
436_7.jpg,250
436_8.jpg,250
436_9.jpg,250
